{
  "run_name": "FULLY_FIXED_3M",
  "start_time": "2026-02-06T18:12:18.415028",
  "timesteps": [
    10000,
    20000,
    30000,
    40000,
    50000,
    60000,
    70000,
    80000,
    90000,
    100000,
    110000,
    120000,
    130000,
    140000,
    150000,
    160000,
    170000,
    180000,
    190000,
    200000,
    210000,
    220000,
    230000,
    240000,
    250000,
    260000,
    270000,
    280000,
    290000,
    300000,
    310000,
    320000,
    330000,
    340000,
    350000,
    360000,
    370000,
    380000,
    390000,
    400000,
    410000,
    420000,
    430000,
    440000,
    450000,
    460000,
    470000
  ],
  "rewards": [
    -30.58,
    -34.0,
    -10.65,
    -31.08000003039837,
    -44.97,
    -23.98000015258789,
    -18.92,
    -13.67,
    4.31,
    4.43,
    -4.18,
    17.64,
    -8.345999877929687,
    18.235,
    -30.24,
    4.615,
    15.88,
    -16.095,
    0.035,
    7.44,
    -4.74,
    10.68,
    -0.12,
    6.115999877929687,
    17.88,
    -0.91,
    -25.595,
    1.87,
    -3.06,
    -10.32,
    -2.91,
    12.28,
    1.48,
    9.62999987795949,
    -5.88,
    5.83,
    -27.795,
    -17.89,
    12.98,
    -1.07,
    0.9500000306218862,
    9.65,
    -6.31,
    28.87,
    -88.58,
    -25.44,
    -26.539999877810477
  ],
  "avg_reward_100": [
    7.5,
    -20.0,
    51.3,
    19.2,
    -148.3,
    -24.5,
    -81.85,
    -3.5,
    -3.25,
    -104.1,
    -167.45,
    -4.8,
    -0.3,
    -0.15,
    -516.75,
    56.6,
    0.3,
    -26.6,
    0.5,
    0.0,
    -47.65,
    129.7,
    0.55,
    0.15,
    -0.4,
    -2.8,
    -250.5,
    0.4,
    -29.4,
    -1.9,
    -1.2,
    70.9,
    -0.3,
    -2.7,
    6.2,
    9.9,
    -20.0,
    22.5,
    1.2,
    0.6,
    13.3,
    -3.4,
    17.3,
    130.5,
    34.1,
    -40.2,
    -5.3
  ],
  "win_rate": [
    0.35923382724972897,
    0.3943557370961753,
    0.3592233009708738,
    0.36484983314794217,
    0.39015151515151514,
    0.37,
    0.37039410445370075,
    0.36643741403026137,
    0.3508205542103847,
    0.37470588235294117,
    0.363319791062101,
    0.3614984960350014,
    0.36736762097795794,
    0.38296923762817653,
    0.37809872817417545,
    0.38731293276747825,
    0.3608224629670573,
    0.37588805166846073,
    0.36627906976744184,
    0.3846005774783446,
    0.3688794271337333,
    0.3607112616426757,
    0.37440944881889765,
    0.3990746096009254,
    0.3717757407802174,
    0.374215354901014,
    0.3810118675827608,
    0.38583487749639694,
    0.3781965006729475,
    0.37026406429391506,
    0.37507987220447286,
    0.3605959258133171,
    0.3769230769230769,
    0.37846930193439865,
    0.38961038961038963,
    0.37659187386294724,
    0.3855349671249253,
    0.3747736873868437,
    0.38361939174947307,
    0.3703233988585923,
    0.3800383877159309,
    0.35061076262793,
    0.36409155937052934,
    0.381201044386423,
    0.3531124863487441,
    0.3648548026805659,
    0.38433382137628114
  ],
  "fold_rate": [
    0,
    0,
    0,
    0,
    0,
    0,
    0,
    0,
    0,
    0,
    0,
    0,
    0,
    0,
    0,
    0,
    0,
    0,
    0,
    0,
    0,
    0,
    0,
    0,
    0,
    0,
    0,
    0,
    0,
    0,
    0,
    0,
    0,
    0,
    0,
    0,
    0,
    0,
    0,
    0,
    0,
    0,
    0,
    0,
    0,
    0,
    0
  ],
  "raise_rate": [
    0,
    0,
    0,
    0,
    0,
    0,
    0,
    0,
    0,
    0,
    0,
    0,
    0,
    0,
    0,
    0,
    0,
    0,
    0,
    0,
    0,
    0,
    0,
    0,
    0,
    0,
    0,
    0,
    0,
    0,
    0,
    0,
    0,
    0,
    0,
    0,
    0,
    0,
    0,
    0,
    0,
    0,
    0,
    0,
    0,
    0,
    0
  ],
  "all_in_rate": [
    0,
    0,
    0,
    0,
    0,
    0,
    0,
    0,
    0,
    0,
    0,
    0,
    0,
    0,
    0,
    0,
    0,
    0,
    0,
    0,
    0,
    0,
    0,
    0,
    0,
    0,
    0,
    0,
    0,
    0,
    0,
    0,
    0,
    0,
    0,
    0,
    0,
    0,
    0,
    0,
    0,
    0,
    0,
    0,
    0,
    0,
    0
  ],
  "learning_rate": [
    0.0003,
    0.0003,
    0.0003,
    0.0003,
    0.0003,
    0.0003,
    0.0003,
    0.0003,
    0.0003,
    0.0003,
    0.0003,
    0.0003,
    0.0003,
    0.0003,
    0.0003,
    0.0003,
    0.0003,
    0.0003,
    0.0003,
    0.0003,
    0.0003,
    0.0003,
    0.0003,
    0.0003,
    0.0003,
    0.0003,
    0.0003,
    0.0003,
    0.0003,
    0.0003,
    0.0003,
    0.0003,
    0.0003,
    0.0003,
    0.0003,
    0.0003,
    0.0003,
    0.0003,
    0.0003,
    0.0003,
    0.0003,
    0.0003,
    0.0003,
    0.0003,
    0.0003,
    0.0003,
    0.0003
  ],
  "policy_loss": [
    0.0,
    0.0,
    0.0,
    0.0,
    0.0,
    0.0,
    0.0,
    0.0,
    0.0,
    0.0,
    0.0,
    0.0,
    0.0,
    0.0,
    0.0,
    0.0,
    0.0,
    0.0,
    0.0,
    0.0,
    0.0,
    0.0,
    0.0,
    0.0,
    0.0,
    0.0,
    0.0,
    0.0,
    0.0,
    0.0,
    0.0,
    0.0,
    0.0,
    0.0,
    0.0,
    0.0,
    0.0,
    0.0,
    0.0,
    0.0,
    0.0,
    0.0,
    0.0,
    0.0,
    0.0,
    0.0,
    0.0
  ],
  "value_loss": [
    50004.47701822917,
    47514.33914388021,
    57555.64786783854,
    39298.999755859375,
    40823.12941080729,
    34471.974300130205,
    16469.90251464844,
    8577.901546223959,
    12553.987048339844,
    19216.020182291668,
    21353.390380859375,
    20402.12744140625,
    9802.288370768229,
    6343.486637369791,
    5000.850627644857,
    11772.405257161457,
    7874.067032877604,
    10760.459153238933,
    4996.837923177083,
    2984.0438166300455,
    2852.3474365234374,
    4107.006180826823,
    938.0545539855957,
    1421.3330192565918,
    2434.502867635091,
    2277.8772481282554,
    852.5427410125733,
    1132.253267923991,
    5095.13302078247,
    10723.250052388508,
    9069.36293334961,
    3010.1444834391277,
    5233.145233154297,
    13125.107643636067,
    9981.840409342449,
    12853.64185994466,
    29164.000154622398,
    5429.606209309896,
    14114.524853515624,
    20716.96565958659,
    21899.02342122396,
    15866.29234008789,
    11144.148063151042,
    51776.82713216146,
    31541.30050455729,
    47289.45450032552,
    33846.850268554685
  ],
  "entropy": [
    -1.7809049546718598,
    -1.7766968856255214,
    -1.7680718372265498,
    -1.7658914973338444,
    -1.7576585352420806,
    -1.7353284786144891,
    -1.6766217609246572,
    -1.6027796516815822,
    -1.5954405069351196,
    -1.6313736935456593,
    -1.5931635151306789,
    -1.5987780114014944,
    -1.5115328937768937,
    -1.3967150737841925,
    -1.4182279606660206,
    -1.3765106320381164,
    -1.3020648956298828,
    -1.3296829849481582,
    -1.2260288953781129,
    -1.2032748530308406,
    -1.2516598502794902,
    -1.2889935930569967,
    -1.1901459763447444,
    -1.2272138098875682,
    -1.3492247174183527,
    -1.3170912782351176,
    -1.1788173298041025,
    -1.1303969045480093,
    -1.1580953141053518,
    -1.1739330579837164,
    -1.192159887154897,
    -1.241484373807907,
    -1.1946394443511963,
    -1.335930554072062,
    -1.354128211736679,
    -1.359768866499265,
    -1.3723675479491553,
    -1.3572904845078786,
    -1.3925212889909744,
    -1.4032587071259817,
    -1.3947755773862203,
    -1.36365518172582,
    -1.3417292972405752,
    -1.2952174156904221,
    -1.3134669949611029,
    -1.3359305699666342,
    -1.3335273017485936
  ],
  "episodes": [
    100,
    100,
    100,
    100,
    100,
    100,
    100,
    100,
    100,
    100,
    100,
    100,
    100,
    100,
    100,
    100,
    100,
    100,
    100,
    100,
    100,
    100,
    100,
    100,
    100,
    100,
    100,
    100,
    100,
    100,
    100,
    100,
    100,
    100,
    100,
    100,
    100,
    100,
    100,
    100,
    100,
    100,
    100,
    100,
    100,
    100,
    100
  ]
}