{
  "timesteps": [
    10000,
    20000,
    30000
  ],
  "distributions": [
    {
      "0": 17.54,
      "1": 17.71,
      "2": 18.34,
      "3": 16.57,
      "4": 14.89,
      "5": 14.95
    },
    {
      "0": 18.41,
      "1": 19.415,
      "2": 19.34,
      "3": 15.39,
      "4": 15.45,
      "5": 11.995000000000001
    },
    {
      "0": 19.023333333333333,
      "1": 20.196666666666665,
      "2": 19.133333333333333,
      "3": 14.656666666666668,
      "4": 15.746666666666668,
      "5": 11.243333333333332
    }
  ]
}