{
  "run_name": "separate_actor_critic_2M_v1_FIXED",
  "start_time": "2026-02-06T15:03:25.954959",
  "timesteps": [
    10000,
    20000,
    30000
  ],
  "rewards": [
    -12.06,
    -36.06,
    1.43
  ],
  "avg_reward_100": [
    0.3,
    -61.3,
    -128.0
  ],
  "win_rate": [
    0.3629684055841293,
    0.36934579439252335,
    0.3771551724137931
  ],
  "fold_rate": [
    0,
    0,
    0
  ],
  "raise_rate": [
    0,
    0,
    0
  ],
  "all_in_rate": [
    0,
    0,
    0
  ],
  "learning_rate": [
    0.0003,
    0.0003,
    0.0003
  ],
  "policy_loss": [
    0.0,
    0.0,
    0.0
  ],
  "value_loss": [
    31386.051416015624,
    29812.111450195312,
    68086.56022135417
  ],
  "entropy": [
    -1.7670318633317947,
    -1.7392366339763006,
    -1.734580288330714
  ],
  "episodes": [
    100,
    100,
    100
  ]
}