{
  "run_name": "FIXED_shared_3M",
  "start_time": "2026-02-06T17:46:30.824997",
  "timesteps": [
    10000,
    20000,
    30000,
    40000,
    50000,
    60000,
    70000,
    80000,
    90000,
    100000,
    110000,
    120000,
    130000,
    140000,
    150000,
    160000,
    170000,
    180000,
    190000,
    200000,
    210000,
    220000,
    230000,
    240000,
    250000,
    260000,
    270000,
    280000,
    290000,
    300000,
    310000,
    320000,
    330000,
    340000,
    350000
  ],
  "rewards": [
    25.3,
    8.91,
    29.71,
    -4.015,
    2.2899999542534353,
    29.685,
    -20.885,
    -1.81,
    -3.3,
    -0.2,
    3.09,
    -3.31,
    13.23,
    1.165,
    -2.445,
    3.41,
    -6.97,
    -25.785,
    0.01,
    -0.745,
    -6.82,
    5.69,
    -0.835,
    -0.47,
    -0.375,
    -2.06,
    -5.275999877929687,
    4.42,
    13.6,
    6.56,
    7.337000061035156,
    7.225,
    1.07,
    0.355,
    1.93
  ],
  "avg_reward_100": [
    144.9,
    5.0,
    -10.0,
    -139.7,
    47.71999984741211,
    52.05,
    6.3,
    -0.8,
    -2.8,
    0.0,
    0.0,
    -4.1,
    24.4,
    3.8,
    0.1,
    -2.0,
    16.7,
    -258.1,
    -0.3,
    -0.2,
    0.2,
    -0.95,
    0.7,
    -0.3,
    -8.2,
    7.15,
    -0.7,
    -8.35,
    -0.2,
    -1.35,
    -0.6,
    -1.3,
    4.35,
    -0.3,
    -1.1
  ],
  "win_rate": [
    0.3805374001452433,
    0.3518248175182482,
    0.34458509142053445,
    0.3861287095698566,
    0.3584788029925187,
    0.3580760095011877,
    0.369433465085639,
    0.3741778319123021,
    0.3851298190401259,
    0.3788976908815102,
    0.3624936300322745,
    0.3983679525222552,
    0.36436920596533656,
    0.3840216132767271,
    0.37921207041072924,
    0.3373768006065201,
    0.40052454102660173,
    0.35097813578826237,
    0.34142752023546724,
    0.36060393258426965,
    0.3706106870229008,
    0.39992864787727433,
    0.427670812744931,
    0.336734693877551,
    0.3394642143142743,
    0.3963494132985658,
    0.322554567502021,
    0.3407039711191336,
    0.3800769559640872,
    0.34493324578682427,
    0.31572405220633937,
    0.4219686714368594,
    0.3875520173692781,
    0.38877551020408163,
    0.4205468102734051
  ],
  "fold_rate": [
    0,
    0,
    0,
    0,
    0,
    0,
    0,
    0,
    0,
    0,
    0,
    0,
    0,
    0,
    0,
    0,
    0,
    0,
    0,
    0,
    0,
    0,
    0,
    0,
    0,
    0,
    0,
    0,
    0,
    0,
    0,
    0,
    0,
    0,
    0
  ],
  "raise_rate": [
    0,
    0,
    0,
    0,
    0,
    0,
    0,
    0,
    0,
    0,
    0,
    0,
    0,
    0,
    0,
    0,
    0,
    0,
    0,
    0,
    0,
    0,
    0,
    0,
    0,
    0,
    0,
    0,
    0,
    0,
    0,
    0,
    0,
    0,
    0
  ],
  "all_in_rate": [
    0,
    0,
    0,
    0,
    0,
    0,
    0,
    0,
    0,
    0,
    0,
    0,
    0,
    0,
    0,
    0,
    0,
    0,
    0,
    0,
    0,
    0,
    0,
    0,
    0,
    0,
    0,
    0,
    0,
    0,
    0,
    0,
    0,
    0,
    0
  ],
  "learning_rate": [
    0.0003,
    0.0003,
    0.0003,
    0.0003,
    0.0003,
    0.0003,
    0.0003,
    0.0003,
    0.0003,
    0.0003,
    0.0003,
    0.0003,
    0.0003,
    0.0003,
    0.0003,
    0.0003,
    0.0003,
    0.0003,
    0.0003,
    0.0003,
    0.0003,
    0.0003,
    0.0003,
    0.0003,
    0.0003,
    0.0003,
    0.0003,
    0.0003,
    0.0003,
    0.0003,
    0.0003,
    0.0003,
    0.0003,
    0.0003,
    0.0003
  ],
  "policy_loss": [
    0.0,
    0.0,
    0.0,
    0.0,
    0.0,
    0.0,
    0.0,
    0.0,
    0.0,
    0.0,
    0.0,
    0.0,
    0.0,
    0.0,
    0.0,
    0.0,
    0.0,
    0.0,
    0.0,
    0.0,
    0.0,
    0.0,
    0.0,
    0.0,
    0.0,
    0.0,
    0.0,
    0.0,
    0.0,
    0.0,
    0.0,
    0.0,
    0.0,
    0.0,
    0.0
  ],
  "value_loss": [
    55084.33504231771,
    58508.32177734375,
    21701.91681315104,
    45218.49497070313,
    62781.35885416667,
    16770.043505859376,
    16749.960040283204,
    11698.629457600911,
    5698.579006958008,
    1935.3457801818847,
    2319.9874521891275,
    27768.774865722655,
    8055.556315104167,
    4675.6521072387695,
    1355.2312312761942,
    5246.553912353515,
    1269.405881500244,
    4119.607386779785,
    5005.0891080220545,
    1253.9696818033854,
    6468.577485148112,
    1463.0233139038087,
    899.4141244888306,
    1388.3632754007974,
    4504.014719645183,
    7513.283823649089,
    3853.330216471354,
    7596.123669433594,
    7727.906048583985,
    7762.832576497396,
    14068.34526163737,
    2908.4961685180665,
    2366.419134426117,
    961.5139246622722,
    382.06642220815024
  ],
  "entropy": [
    -1.765406890710195,
    -1.7531785686810812,
    -1.7174344112475712,
    -1.6934328387180964,
    -1.6623466948668162,
    -1.6448784331480661,
    -1.547180849313736,
    -1.4479054431120555,
    -1.234774312376976,
    -0.9230521788199743,
    -1.111597204208374,
    -1.2476073344548544,
    -1.3488659252723059,
    -1.1513727108637493,
    -1.0177741944789886,
    -1.1811692327260972,
    -1.15992780427138,
    -1.1775548994541167,
    -1.1881876269976297,
    -1.0800726701815924,
    -1.1821738560994466,
    -1.068873181939125,
    -0.998190434773763,
    -1.0944093892971674,
    -1.2365375955899556,
    -1.2099172443151474,
    -1.1806478768587112,
    -1.2813628971576692,
    -1.1216232458750406,
    -1.2387792001167932,
    -1.1420065154631933,
    -1.0682225147883098,
    -0.8947343617677689,
    -0.8939935127894084,
    -0.9784427205721538
  ],
  "episodes": [
    100,
    100,
    100,
    100,
    100,
    100,
    100,
    100,
    100,
    100,
    100,
    100,
    100,
    100,
    100,
    100,
    100,
    100,
    100,
    100,
    100,
    100,
    100,
    100,
    100,
    100,
    100,
    100,
    100,
    100,
    100,
    100,
    100,
    100,
    100
  ]
}