{
  "run_name": "separate_actor_critic_2M_v1",
  "start_time": "2026-02-06T14:31:53.021150",
  "timesteps": [
    10000,
    20000,
    30000,
    40000,
    50000,
    60000,
    70000,
    80000,
    90000,
    100000,
    110000,
    120000,
    130000,
    140000,
    150000,
    160000,
    170000,
    180000,
    190000,
    200000,
    210000,
    220000,
    230000,
    240000,
    250000,
    260000,
    270000,
    280000,
    290000,
    300000,
    310000,
    320000,
    330000,
    340000,
    350000,
    360000,
    370000,
    380000,
    390000,
    400000,
    410000,
    420000,
    430000,
    440000,
    450000,
    460000,
    470000,
    480000,
    490000,
    500000,
    510000,
    520000,
    530000,
    540000,
    550000,
    560000,
    570000,
    580000,
    590000,
    600000,
    610000,
    620000,
    630000,
    640000,
    650000,
    660000
  ],
  "rewards": [
    41.05799990856648,
    -112.03,
    -45.105,
    -8.28,
    -0.91,
    -0.64,
    -0.5,
    -0.5,
    -0.5,
    -0.5,
    -0.5,
    -0.53,
    -0.5,
    -0.5,
    -0.5,
    -0.5,
    -0.5,
    -0.5,
    -0.5,
    -0.5,
    -0.5,
    -0.5,
    -0.5,
    -0.5,
    -0.5,
    -0.5,
    -0.5,
    -0.5,
    -0.5,
    -0.5,
    -0.5,
    -0.5,
    -0.5,
    -0.5,
    -0.5,
    -0.5,
    -0.5,
    -0.5,
    -0.5,
    -0.5,
    -0.5,
    -0.47,
    -0.5,
    -0.5,
    -0.5,
    -0.5,
    -0.5,
    -0.5,
    -0.5,
    -0.5,
    -0.5,
    -0.5,
    -0.5,
    -0.495,
    -2.49,
    -0.51,
    -0.5,
    -0.5,
    -0.51,
    -3.0,
    -0.73,
    -0.5,
    0.61,
    -0.5,
    -0.5,
    -0.5
  ],
  "avg_reward_100": [
    8.95,
    -208.3,
    -2.2,
    -1.5,
    -1.1,
    -0.6,
    -0.5,
    -0.5,
    -0.5,
    -0.5,
    -0.5,
    -0.8,
    -0.5,
    -0.5,
    -0.5,
    -0.5,
    -0.5,
    -0.5,
    -0.5,
    -0.5,
    -0.5,
    -0.5,
    -0.5,
    -0.5,
    -0.5,
    -0.5,
    -0.5,
    -0.5,
    -0.5,
    -0.5,
    -0.5,
    -0.5,
    -0.5,
    -0.5,
    -0.5,
    -0.5,
    -0.5,
    -0.5,
    -0.5,
    -0.5,
    -0.5,
    -0.2,
    -0.5,
    -0.5,
    -0.5,
    -0.5,
    -0.5,
    -0.5,
    -0.5,
    -0.5,
    -0.5,
    -0.5,
    -0.5,
    -0.45,
    -0.5,
    -0.5,
    -0.5,
    -0.5,
    -0.5,
    -0.5,
    -0.5,
    -0.5,
    10.6,
    -0.5,
    -0.5,
    -0.5
  ],
  "win_rate": [
    0.2088078967350038,
    0.19151846785225718,
    0.09343148357870895,
    0.04305208533538343,
    0.020569620253164556,
    0.0036421027072963456,
    0.00020703933747412008,
    0.0,
    0.0,
    0.00020004000800160032,
    0.0,
    0.0,
    0.00020012007204322593,
    0.0,
    0.0,
    0.0,
    0.0002,
    0.00020004000800160032,
    0.0,
    0.0,
    0.0,
    0.0,
    0.0,
    0.0,
    0.0,
    0.0,
    0.0,
    0.00020012007204322593,
    0.0,
    0.0,
    0.0,
    0.0,
    0.0,
    0.0,
    0.0,
    0.0,
    0.0,
    0.0,
    0.0,
    0.0,
    0.0,
    0.00020004000800160032,
    0.0,
    0.0,
    0.0,
    0.0,
    0.0,
    0.0,
    0.0002,
    0.0,
    0.0,
    0.0,
    0.0,
    0.0008049099506992655,
    0.00020112630732099757,
    0.003081980686254366,
    0.00040298206729800525,
    0.004846186262115465,
    0.005618562064301322,
    0.00581757739455641,
    0.00790344974901207,
    0.00524824183898394,
    0.001417004048582996,
    0.00020096463022508038,
    0.0002005012531328321,
    0.0
  ],
  "fold_rate": [
    0,
    0,
    0,
    0,
    0,
    0,
    0,
    0,
    0,
    0,
    0,
    0,
    0,
    0,
    0,
    0,
    0,
    0,
    0,
    0,
    0,
    0,
    0,
    0,
    0,
    0,
    0,
    0,
    0,
    0,
    0,
    0,
    0,
    0,
    0,
    0,
    0,
    0,
    0,
    0,
    0,
    0,
    0,
    0,
    0,
    0,
    0,
    0,
    0,
    0,
    0,
    0,
    0,
    0,
    0,
    0,
    0,
    0,
    0,
    0,
    0,
    0,
    0,
    0,
    0,
    0
  ],
  "raise_rate": [
    0,
    0,
    0,
    0,
    0,
    0,
    0,
    0,
    0,
    0,
    0,
    0,
    0,
    0,
    0,
    0,
    0,
    0,
    0,
    0,
    0,
    0,
    0,
    0,
    0,
    0,
    0,
    0,
    0,
    0,
    0,
    0,
    0,
    0,
    0,
    0,
    0,
    0,
    0,
    0,
    0,
    0,
    0,
    0,
    0,
    0,
    0,
    0,
    0,
    0,
    0,
    0,
    0,
    0,
    0,
    0,
    0,
    0,
    0,
    0,
    0,
    0,
    0,
    0,
    0,
    0
  ],
  "all_in_rate": [
    0,
    0,
    0,
    0,
    0,
    0,
    0,
    0,
    0,
    0,
    0,
    0,
    0,
    0,
    0,
    0,
    0,
    0,
    0,
    0,
    0,
    0,
    0,
    0,
    0,
    0,
    0,
    0,
    0,
    0,
    0,
    0,
    0,
    0,
    0,
    0,
    0,
    0,
    0,
    0,
    0,
    0,
    0,
    0,
    0,
    0,
    0,
    0,
    0,
    0,
    0,
    0,
    0,
    0,
    0,
    0,
    0,
    0,
    0,
    0,
    0,
    0,
    0,
    0,
    0,
    0
  ],
  "learning_rate": [
    0.0003,
    0.0003,
    0.0003,
    0.0003,
    0.0003,
    0.0003,
    0.0003,
    0.0003,
    0.0003,
    0.0003,
    0.0003,
    0.0003,
    0.0003,
    0.0003,
    0.0003,
    0.0003,
    0.0003,
    0.0003,
    0.0003,
    0.0003,
    0.0003,
    0.0003,
    0.0003,
    0.0003,
    0.0003,
    0.0003,
    0.0003,
    0.0003,
    0.0003,
    0.0003,
    0.0003,
    0.0003,
    0.0003,
    0.0003,
    0.0003,
    0.0003,
    0.0003,
    0.0003,
    0.0003,
    0.0003,
    0.0003,
    0.0003,
    0.0003,
    0.0003,
    0.0003,
    0.0003,
    0.0003,
    0.0003,
    0.0003,
    0.0003,
    0.0003,
    0.0003,
    0.0003,
    0.0003,
    0.0003,
    0.0003,
    0.0003,
    0.0003,
    0.0003,
    0.0003,
    0.0003,
    0.0003,
    0.0003,
    0.0003,
    0.0003,
    0.0003
  ],
  "policy_loss": [
    0.0,
    0.0,
    0.0,
    0.0,
    0.0,
    0.0,
    0.0,
    0.0,
    0.0,
    0.0,
    0.0,
    0.0,
    0.0,
    0.0,
    0.0,
    0.0,
    0.0,
    0.0,
    0.0,
    0.0,
    0.0,
    0.0,
    0.0,
    0.0,
    0.0,
    0.0,
    0.0,
    0.0,
    0.0,
    0.0,
    0.0,
    0.0,
    0.0,
    0.0,
    0.0,
    0.0,
    0.0,
    0.0,
    0.0,
    0.0,
    0.0,
    0.0,
    0.0,
    0.0,
    0.0,
    0.0,
    0.0,
    0.0,
    0.0,
    0.0,
    0.0,
    0.0,
    0.0,
    0.0,
    0.0,
    0.0,
    0.0,
    0.0,
    0.0,
    0.0,
    0.0,
    0.0,
    0.0,
    0.0,
    0.0,
    0.0
  ],
  "value_loss": [
    152508.49822591146,
    121925.03544921875,
    48311.7691813151,
    9316.104741414389,
    24781.62235921224,
    414.2912675778071,
    0.04440935071567462,
    0.0008590597241133461,
    0.0011344017478071085,
    0.0001725727906735604,
    0.00022856151238859941,
    1.8063034000685246e-05,
    0.009798127582856371,
    1.213558068684506e-05,
    0.00023078331337273995,
    9.564687820784456e-06,
    8.533508980690385e-06,
    0.0016337913718719695,
    8.416917535214451e-06,
    7.522130359423803e-06,
    7.3272002168778275e-06,
    6.823513736738581e-06,
    6.155913153331009e-06,
    6.608924676735721e-06,
    4.102201376099401e-06,
    7.001113965543482e-06,
    5.389276293499279e-06,
    4.931683777916381e-06,
    2.733126134065363e-06,
    1.5534802741967724e-06,
    1.189963873571287e-06,
    1.1089500839981762e-06,
    1.0531551012604724e-06,
    0.001400530330259168,
    0.17832993123203852,
    3.4706835663200764e-06,
    2.9052910160013806e-06,
    2.6203325148799196e-06,
    2.3484905985545385e-06,
    1.8903328092771213e-06,
    1.7838722972859007e-06,
    7.663172164977065e-07,
    7.174091971743716e-07,
    0.00022955170608393398,
    3.7601326449513785e-07,
    3.357631324973909e-07,
    2.5572785323409637e-07,
    2.6334935216236014e-07,
    0.0016920063079704543,
    5.042394192855682e-07,
    2.145402622962441e-07,
    1.6994051150002557e-07,
    1.6007606357485807e-07,
    0.001640462757768546,
    8.926646546569828e-06,
    638.2320508791755,
    1.2415566297522673,
    139.63504256010054,
    33.26411085622385,
    49.20185540287445,
    103.9785342135777,
    63.28416666748623,
    18.09541012175323,
    0.15411264480111034,
    3.293601910243524,
    0.03623938826664622
  ],