{
  "run_name": "separate_actor_critic_2M_v1",
  "start_time": "2026-02-06T14:31:53.021150",
  "timesteps": [
    10000,
    20000,
    30000,
    40000,
    50000,
    60000,
    70000,
    80000,
    90000,
    100000,
    110000,
    120000,
    130000,
    140000,
    150000,
    160000,
    170000,
    180000,
    190000,
    200000,
    210000,
    220000,
    230000,
    240000
  ],
  "rewards": [
    41.05799990856648,
    -112.03,
    -45.105,
    -8.28,
    -0.91,
    -0.64,
    -0.5,
    -0.5,
    -0.5,
    -0.5,
    -0.5,
    -0.53,
    -0.5,
    -0.5,
    -0.5,
    -0.5,
    -0.5,
    -0.5,
    -0.5,
    -0.5,
    -0.5,
    -0.5,
    -0.5,
    -0.5
  ],
  "avg_reward_100": [
    8.95,
    -208.3,
    -2.2,
    -1.5,
    -1.1,
    -0.6,
    -0.5,
    -0.5,
    -0.5,
    -0.5,
    -0.5,
    -0.8,
    -0.5,
    -0.5,
    -0.5,
    -0.5,
    -0.5,
    -0.5,
    -0.5,
    -0.5,
    -0.5,
    -0.5,
    -0.5,
    -0.5
  ],
  "win_rate": [
    0.2088078967350038,
    0.19151846785225718,
    0.09343148357870895,
    0.04305208533538343,
    0.020569620253164556,
    0.0036421027072963456,
    0.00020703933747412008,
    0.0,
    0.0,
    0.00020004000800160032,
    0.0,
    0.0,
    0.00020012007204322593,
    0.0,
    0.0,
    0.0,
    0.0002,
    0.00020004000800160032,
    0.0,
    0.0,
    0.0,
    0.0,
    0.0,
    0.0
  ],
  "fold_rate": [
    0,
    0,
    0,
    0,
    0,
    0,
    0,
    0,
    0,
    0,
    0,
    0,
    0,
    0,
    0,
    0,
    0,
    0,
    0,
    0,
    0,
    0,
    0,
    0
  ],
  "raise_rate": [
    0,
    0,
    0,
    0,
    0,
    0,
    0,
    0,
    0,
    0,
    0,
    0,
    0,
    0,
    0,
    0,
    0,
    0,
    0,
    0,
    0,
    0,
    0,
    0
  ],
  "all_in_rate": [
    0,
    0,
    0,
    0,
    0,
    0,
    0,
    0,
    0,
    0,
    0,
    0,
    0,
    0,
    0,
    0,
    0,
    0,
    0,
    0,
    0,
    0,
    0,
    0
  ],
  "learning_rate": [
    0.0003,
    0.0003,
    0.0003,
    0.0003,
    0.0003,
    0.0003,
    0.0003,
    0.0003,
    0.0003,
    0.0003,
    0.0003,
    0.0003,
    0.0003,
    0.0003,
    0.0003,
    0.0003,
    0.0003,
    0.0003,
    0.0003,
    0.0003,
    0.0003,
    0.0003,
    0.0003,
    0.0003
  ],
  "policy_loss": [
    0.0,
    0.0,
    0.0,
    0.0,
    0.0,
    0.0,
    0.0,
    0.0,
    0.0,
    0.0,
    0.0,
    0.0,
    0.0,
    0.0,
    0.0,
    0.0,
    0.0,
    0.0,
    0.0,
    0.0,
    0.0,
    0.0,
    0.0,
    0.0
  ],
  "value_loss": [
    152508.49822591146,
    121925.03544921875,
    48311.7691813151,
    9316.104741414389,
    24781.62235921224,
    414.2912675778071,
    0.04440935071567462,
    0.0008590597241133461,
    0.0011344017478071085,
    0.0001725727906735604,
    0.00022856151238859941,
    1.8063034000685246e-05,
    0.009798127582856371,
    1.213558068684506e-05,
    0.00023078331337273995,
    9.564687820784456e-06,
    8.533508980690385e-06,
    0.0016337913718719695,
    8.416917535214451e-06,
    7.522130359423803e-06,
    7.3272002168778275e-06,
    6.823513736738581e-06,
    6.155913153331009e-06,
    6.608924676735721e-06
  ],
  "entropy": [
    -1.7546722362438838,
    -1.6692397862672805,
    -1.6746691246827443,
    -1.2007899343967439,
    -1.1537620862325033,
    -0.5683101537326972,
    -0.04397215029845635,
    -0.020683620396691065,
    -0.008076391520444304,
    -0.00568010377852867,
    -0.004826045882267257,
    -0.0027936342308142533,
    -0.004548686799049999,
    -0.0014846155371439332,
    -0.0014110780844930559,
    -0.00120071475879134,
    -0.0008489788766989174,
    -0.0003421145547084355,
    -0.00030442041946419826,
    -0.0003643868854851462,
    -0.00017884523416190253,
    -0.0002145992699903824,
    -0.0002631569375807885,
    -0.0003589272814375969
  ],
  "episodes": [
    100,
    100,
    100,
    100,
    100,
    100,
    100,
    100,
    100,
    100,
    100,
    100,
    100,
    100,
    100,
    100,
    100,
    100,
    100,
    100,
    100,
    100,
    100,
    100
  ]
}