{
  "timesteps": [
    10000,
    20000
  ],
  "distributions": [
    {
      "0": 16.6,
      "1": 18.11,
      "2": 17.93,
      "3": 19.33,
      "4": 15.010000000000002,
      "5": 13.020000000000001
    },
    {
      "0": 18.6,
      "1": 19.17,
      "2": 17.244999999999997,
      "3": 19.139999999999997,
      "4": 14.540000000000001,
      "5": 11.305
    }
  ]
}