{
  "run_name": "VALUE_FIXED_NEW_REWARD_3M",
  "start_time": "2026-02-06T20:58:44.531343",
  "timesteps": [
    10000,
    20000
  ],
  "rewards": [
    0.11280000516548752,
    -0.10205000177398321
  ],
  "avg_reward_100": [
    1.530000019967556,
    1.6009999928176402
  ],
  "win_rate": [
    0.36210847975553856,
    0.38515251745681733
  ],
  "fold_rate": [
    0,
    0
  ],
  "raise_rate": [
    0,
    0
  ],
  "all_in_rate": [
    0,
    0
  ],
  "learning_rate": [
    0.001,
    0.001
  ],
  "policy_loss": [
    0.0,
    0.0
  ],
  "value_loss": [
    2.476676444057375,
    3.520312698557973
  ],
  "entropy": [
    -1.7330563450232148,
    -1.6624270882457495
  ],
  "episodes": [
    100,
    100
  ]
}