{
  "run_name": "NEW_FEATURES_3M",
  "start_time": "2026-02-07T02:38:36.654444",
  "timesteps": [
    10000,
    20000,
    30000,
    40000,
    50000,
    60000,
    70000,
    80000,
    90000,
    100000,
    110000,
    120000,
    130000,
    140000,
    150000,
    160000,
    170000,
    180000,
    190000,
    200000,
    210000,
    220000,
    230000,
    240000,
    250000,
    260000,
    270000,
    280000
  ],
  "rewards": [
    0.05443333372381152,
    0.05831666989327609,
    -1.5487600288893282,
    0.2407000013425946,
    -0.058316669336887006,
    0.22311666868943153,
    -0.6821333406971826,
    0.4153000007323921,
    0.3091999969448894,
    0.2871999994117766,
    0.14599999977461994,
    -0.5607999951571226,
    0.29820000399686397,
    0.30279999865554275,
    0.2530000010747463,
    0.39680001054108155,
    -0.34576667223201324,
    0.5336999879445881,
    -0.49440001339912415,
    -0.600500008404255,
    -0.5513333200866414,
    -0.27999999895691874,
    -0.4859999853903427,
    -0.5425000127753413,
    -0.8552599979072809,
    -0.6403333417231274,
    -0.6199999976158143,
    -0.5407333296114635
  ],
  "avg_reward_100": [
    0.006000000398606064,
    0.4433333597872974,
    -18.078600323836504,
    0.03700000005215406,
    0.21499999425560237,
    0.8540000100135803,
    -0.4800000024586916,
    0.5789999966025353,
    0.7500000035390257,
    0.10599999946728351,
    0.19300000100955367,
    0.15500000124797225,
    1.026000012934208,
    0.18799999929592012,
    -0.018000003337860105,
    0.7159999992623924,
    -0.3959999955743551,
    0.41439999708235253,
    -0.19600000190734868,
    -0.8,
    -1.0,
    -0.8,
    -0.39999999017454685,
    -0.40000000298023225,
    -2.5999999761581423,
    -0.6,
    -0.600000011920929,
    -1.4420000157356263
  ],
  "win_rate": [
    0.374571754853445,
    0.43719728769777205,
    0.6414786626800761,
    0.6456527449435251,
    0.6446909667194929,
    0.6739273927392739,
    0.7203994293865906,
    0.7454364420843014,
    0.7173835762531106,
    0.8034744842562432,
    0.8386426592797784,
    0.8675825781935107,
    0.8919304248645566,
    0.693422519509476,
    0.7520786092214664,
    0.7083333333333334,
    0.6702390766694146,
    0.6200177147918512,
    0.49975833736104397,
    0.486783042394015,
    0.46177215189873416,
    0.5081240768094535,
    0.4400606980273141,
    0.5190562613430127,
    0.46644455021418374,
    0.48402255639097747,
    0.39854318418314255,
    0.4977689638076351
  ],
  "fold_rate": [
    0,
    0,
    0,
    0,
    0,
    0,
    0,
    0,
    0,
    0,
    0,
    0,
    0,
    0,
    0,
    0,
    0,
    0,
    0,
    0,
    0,
    0,
    0,
    0,
    0,
    0,
    0,
    0
  ],
  "raise_rate": [
    0,
    0,
    0,
    0,
    0,
    0,
    0,
    0,
    0,
    0,
    0,
    0,
    0,
    0,
    0,
    0,
    0,
    0,
    0,
    0,
    0,
    0,
    0,
    0,
    0,
    0,
    0,
    0
  ],
  "all_in_rate": [
    0,
    0,
    0,
    0,
    0,
    0,
    0,
    0,
    0,
    0,
    0,
    0,
    0,
    0,
    0,
    0,
    0,
    0,
    0,
    0,
    0,
    0,
    0,
    0,
    0,
    0,
    0,
    0
  ],
  "learning_rate": [
    0.001,
    0.001,
    0.001,
    0.001,
    0.001,
    0.001,
    0.001,
    0.001,
    0.001,
    0.001,
    0.001,
    0.001,
    0.001,
    0.001,
    0.001,
    0.001,
    0.001,
    0.001,
    0.001,
    0.001,
    0.001,
    0.001,
    0.001,
    0.001,
    0.001,
    0.001,
    0.001,
    0.001
  ],
  "policy_loss": [
    0.0,
    0.0,
    0.0,
    0.0,
    0.0,
    0.0,
    0.0,
    0.0,
    0.0,
    0.0,
    0.0,
    0.0,
    0.0,
    0.0,
    0.0,
    0.0,
    0.0,
    0.0,
    0.0,
    0.0,
    0.0,
    0.0,
    0.0,
    0.0,
    0.0,
    0.0,
    0.0,
    0.0
  ],
  "value_loss": [
    5.022336341440678,
    6.149984521791339,
    7.160219551529735,
    13.787850172258914,
    2.653058463241905,
    3.8305688365362585,
    11.856385743245482,
    8.651792033575475,
    15.067835028283298,
    2.0715477865887806,
    11.782913373084739,
    17.77220794116147,
    26.097512965803617,
    22.298493510577828,
    3.422554099233821,
    33.2915232507512,
    81.22320191562176,
    41.91229014284909,
    20.040747489780188,
    93.10833681002259,
    26.75834682583809,
    201.57432977110147,
    257.2209793999791,
    12.908582645468414,
    22.72876849770546,
    50.52262604981661,
    66.37180134654045,
    73.53221050277352
  ],
  "entropy": [
    -1.7435693116858602,
    -1.610835057683289,
    -1.4486663741990924,
    -1.4387337658554316,
    -1.421492145396769,
    -1.422966742888093,
    -1.356631187722087,
    -1.3656604457646608,
    -1.3420344786718488,
    -1.2482861941680312,
    -1.0436476315371692,
    -0.8158822539262474,
    -0.6537668146193027,
    -0.6928474046289921,
    -0.5671333242207766,
    -0.6585944048129022,
    -0.7393316878005862,
    -0.7615466397255659,
    -0.6894721491262317,
    -0.7358266822993755,
    -0.838305673096329,
    -0.7330504916608334,
    -0.7792682736180723,
    -0.7210694649256766,
    -0.7701217625290155,
    -0.6230900124646723,
    -0.5038176255766302,
    -0.5622601232025772
  ],
  "episodes": [
    100,
    100,
    100,
    100,
    100,
    100,
    100,
    100,
    100,
    100,
    100,
    100,
    100,
    100,
    100,
    100,
    100,
    100,
    100,
    100,
    100,
    100,
    100,
    100,
    100,
    100,
    100,
    100
  ]
}