{
  "run_name": "lagbotv1",
  "start_time": "2025-12-03T17:17:23.757321",
  "timesteps": [
    10000,
    20000,
    30000,
    40000,
    50000,
    60000,
    70000,
    80000,
    90000,
    100000,
    110000,
    120000,
    130000,
    140000,
    150000,
    160000,
    170000,
    180000,
    190000,
    200000,
    210000,
    220000,
    230000,
    240000,
    250000,
    260000,
    270000,
    280000,
    290000,
    300000,
    310000,
    320000,
    330000,
    340000,
    350000,
    360000,
    370000,
    380000,
    390000,
    400000,
    410000,
    420000,
    430000,
    440000,
    450000,
    460000,
    470000
  ],
  "rewards": [
    -79.5920006134212,
    8.63000003054738,
    -67.53,
    -0.51,
    -0.5,
    -0.5,
    -0.5,
    -0.5,
    -0.5,
    -0.5,
    -0.5,
    -0.5,
    -0.5,
    -0.5,
    -0.5,
    -0.5,
    -0.5,
    -0.5,
    -0.5,
    -0.5,
    -0.5,
    -0.5,
    -0.5,
    -0.5,
    -0.5,
    -0.5,
    -0.5,
    -0.5,
    -0.5,
    -0.5,
    -0.5,
    -0.5,
    -0.5,
    -0.5,
    -0.5,
    -0.5,
    -0.5,
    -0.5,
    -0.5,
    -0.5,
    -0.5,
    -0.5,
    -0.5,
    -0.5,
    -0.5,
    -0.5,
    -0.5
  ],
  "avg_reward_100": [
    -79.5920006134212,
    8.63000003054738,
    -67.53,
    -0.51,
    -0.5,
    -0.5,
    -0.5,
    -0.5,
    -0.5,
    -0.5,
    -0.5,
    -0.5,
    -0.5,
    -0.5,
    -0.5,
    -0.5,
    -0.5,
    -0.5,
    -0.5,
    -0.5,
    -0.5,
    -0.5,
    -0.5,
    -0.5,
    -0.5,
    -0.5,
    -0.5,
    -0.5,
    -0.5,
    -0.5,
    -0.5,
    -0.5,
    -0.5,
    -0.5,
    -0.5,
    -0.5,
    -0.5,
    -0.5,
    -0.5,
    -0.5,
    -0.5,
    -0.5,
    -0.5,
    -0.5,
    -0.5,
    -0.5,
    -0.5
  ],
  "win_rate": [
    0.1675213675213675,
    0.09151370045224794,
    0.022033898305084745,
    0.0013984384104416734,
    0.00020128824476650564,
    0.0,
    0.0,
    0.0,
    0.0002,
    0.0,
    0.0,
    0.0,
    0.0,
    0.0,
    0.0,
    0.0,
    0.0,
    0.0,
    0.0,
    0.0,
    0.0,
    0.0,
    0.0,
    0.0,
    0.0,
    0.0,
    0.0,
    0.0,
    0.0,
    0.0,
    0.0,
    0.0,
    0.0,
    0.0,
    0.0,
    0.0,
    0.0,
    0.0,
    0.0,
    0.0,
    0.0,
    0.0,
    0.0,
    0.0,
    0.0,
    0.0,
    0.0
  ],
  "fold_rate": [
    0,
    0,
    0,
    0,
    0,
    0,
    0,
    0,
    0,
    0,
    0,
    0,
    0,
    0,
    0,
    0,
    0,
    0,
    0,
    0,
    0,
    0,
    0,
    0,
    0,
    0,
    0,
    0,
    0,
    0,
    0,
    0,
    0,
    0,
    0,
    0,
    0,
    0,
    0,
    0,
    0,
    0,
    0,
    0,
    0,
    0,
    0
  ],
  "raise_rate": [
    0,
    0,
    0,
    0,
    0,
    0,
    0,
    0,
    0,
    0,
    0,
    0,
    0,
    0,
    0,
    0,
    0,
    0,
    0,
    0,
    0,
    0,
    0,
    0,
    0,
    0,
    0,
    0,
    0,
    0,
    0,
    0,
    0,
    0,
    0,
    0,
    0,
    0,
    0,
    0,
    0,
    0,
    0,
    0,
    0,
    0,
    0
  ],
  "all_in_rate": [
    0,
    0,
    0,
    0,
    0,
    0,
    0,
    0,
    0,
    0,
    0,
    0,
    0,
    0,
    0,
    0,
    0,
    0,
    0,
    0,
    0,
    0,
    0,
    0,
    0,
    0,
    0,
    0,
    0,
    0,
    0,
    0,
    0,
    0,
    0,
    0,
    0,
    0,
    0,
    0,
    0,
    0,
    0,
    0,
    0,
    0,
    0
  ],
  "learning_rate": [
    0.001,
    0.001,
    0.001,
    0.001,
    0.001,
    0.001,
    0.001,
    0.001,
    0.001,
    0.001,
    0.001,
    0.001,
    0.001,
    0.001,
    0.001,
    0.001,
    0.001,
    0.001,
    0.001,
    0.001,
    0.001,
    0.001,
    0.001,
    0.001,
    0.001,
    0.001,
    0.001,
    0.001,
    0.001,
    0.001,
    0.001,
    0.001,
    0.001,
    0.001,
    0.001,
    0.001,
    0.001,
    0.001,
    0.001,
    0.001,
    0.001,
    0.001,
    0.001,
    0.001,
    0.001,
    0.001,
    0.001
  ],
  "policy_loss": [
    0.0,
    0.0,
    0.0,
    0.0,
    0.0,
    0.0,
    0.0,
    0.0,
    0.0,
    0.0,
    0.0,
    0.0,
    0.0,
    0.0,
    0.0,
    0.0,
    0.0,
    0.0,
    0.0,
    0.0,
    0.0,
    0.0,
    0.0,
    0.0,
    0.0,
    0.0,
    0.0,
    0.0,
    0.0,
    0.0,
    0.0,
    0.0,
    0.0,
    0.0,
    0.0,
    0.0,
    0.0,
    0.0,
    0.0,
    0.0,
    0.0,
    0.0,
    0.0,
    0.0,
    0.0,
    0.0,
    0.0
  ],
  "value_loss": [
    67199.18266601562,
    29584.135660807293,
    4639.598711585999,
    158.5150596688191,
    0.001041359203736647,
    0.00013266955666040302,
    6.95295618546273e-05,
    4.80930438394959e-05,
    0.00010467256148937547,
    2.100134216410273e-05,
    1.8550406806146688e-05,
    1.4074870000513328e-05,
    1.1884648786993542e-05,
    9.922970502884709e-06,
    9.572166584348452e-06,
    1.9654162326787627e-05,
    1.600789479804613e-05,
    1.5058435231670349e-05,
    8.939620289538653e-06,
    2.9196959373697004e-05,
    3.119580241843778e-05,
    1.358268163755838e-05,
    1.2569742568757648e-05,
    3.3100006223207854e-05,
    2.2940832366202813e-06,
    2.127061117581282e-06,
    4.3071240151941e-06,
    1.76410200282362e-05,
    1.9134833413166535e-06,
    5.196105602559934e-06,
    2.93484317145006e-06,
    1.5665278855199934e-05,
    1.3660512204675493e-06,
    2.1356002365280345e-05,
    1.6754842097554955e-05,
    6.3849552830674835e-06,
    4.266256044758165e-05,
    8.341942744512683e-06,
    3.021827517102338e-06,
    4.430401014587915e-06,
    8.447163775571198e-06,
    1.808121664007937e-06,
    3.970627231097979e-06,
    2.2780701274408938e-06,
    1.626179605741148e-05,
    1.4940509898527428e-05,
    9.299701279511888e-06
  ],
  "entropy": [
    -1.7283733675877253,
    -1.5386101325352988,
    -1.1170821130275725,
    -0.24589813475807507,
    -0.0007878341760563975,
    -0.00050043018515377,
    -0.0005023206739375989,
    -0.0005039644573116675,
    -8.146888224776679e-05,
    -8.13858890372406e-05,
    -8.116009090978575e-05,
    -8.128960926114814e-05,
    -8.127375119026207e-05,
    -8.132570140636138e-05,
    -8.152754823337697e-05,
    -8.234286378865363e-05,
    -8.185511972745493e-05,
    -8.15829250010817e-05,
    -8.012702837731923e-05,
    -8.049591021214534e-05,
    -8.18460738325181e-05,
    -8.310606463055593e-05,
    -8.263250820164103e-05,
    -8.043346200186837e-05,
    -8.706668647088614e-06,
    -8.70503142020122e-06,
    -8.712708381608537e-06,
    -8.707294167228005e-06,
    -8.710756734823614e-06,
    -8.712396955464403e-06,
    -8.719692899224658e-06,
    -8.71333879786107e-06,
    -8.723187018707298e-06,
    -8.704887053075557e-06,
    -8.701644795413206e-06,
    -8.6910806733916e-06,
    -8.690781343527003e-06,
    -8.708833100475506e-06,
    -8.676426500642264e-06,
    -8.65271978606567e-06,
    -8.66726137852917e-06,
    -8.659107659999184e-06,
    -8.683898856058174e-06,
    -8.681129300687946e-06,
    -8.6666723215482e-06,
    -8.658253917322629e-06,
    -8.67347422020733e-06
  ],
  "episodes": [
    100,
    100,
    100,
    100,
    100,
    100,
    100,
    100,
    100,
    100,
    100,
    100,
    100,
    100,
    100,
    100,
    100,
    100,
    100,
    100,
    100,
    100,
    100,
    100,
    100,
    100,
    100,
    100,
    100,
    100,
    100,
    100,
    100,
    100,
    100,
    100,
    100,
    100,
    100,
    100,
    100,
    100,
    100,
    100,
    100,
    100,
    100
  ]
}