{
  "run_name": "v2",
  "start_time": "2025-11-20T14:22:48.404079",
  "timesteps": [
    10000,
    20000,
    30000,
    40000,
    50000
  ],
  "rewards": [
    -0.06235948466170952,
    -0.03289784623058356,
    -0.050026443077763785,
    -0.051526795519309186,
    -0.004598234473204352
  ],
  "avg_reward_100": [
    -0.06235948466170952,
    -0.03289784623058356,
    -0.050026443077763785,
    -0.051526795519309186,
    -0.004598234473204352
  ],
  "win_rate": [
    0.1640267511439634,
    0.1120960823563054,
    0.08185474331677313,
    0.027374394925721916,
    0.012525562372188138
  ],
  "fold_rate": [
    0,
    0,
    0,
    0,
    0
  ],
  "raise_rate": [
    0,
    0,
    0,
    0,
    0
  ],
  "all_in_rate": [
    0,
    0,
    0,
    0,
    0
  ],
  "learning_rate": [
    0.001,
    0.001,
    0.001,
    0.001,
    0.001
  ],
  "policy_loss": [
    0.0,
    0.0,
    0.0,
    0.0,
    0.0
  ],
  "value_loss": [
    0.295265365516146,
    0.1469559126223127,
    0.09224123939250907,
    0.06237050630928328,
    0.010689081530290422
  ],
  "entropy": [
    -1.710441529750824,
    -1.5276887089014053,
    -1.3792799572149912,
    -1.0418704494833946,
    -0.5828716933727265
  ],
  "episodes": [
    100,
    100,
    100,
    100,
    100
  ]
}